url,priorité,statut,date_demande,commentaire
https://dsdepannage.fr/,1,A demander,,
https://dsdepannage.fr/tarifs-serrurier-paris.html,1,A demander,,
https://dsdepannage.fr/paris/serrurier-paris-1er.html,1,A demander,,
https://dsdepannage.fr/paris/serrurier-paris-2e.html,1,A demander,,
https://dsdepannage.fr/paris/serrurier-paris-3e.html,1,A demander,,
https://dsdepannage.fr/paris/serrurier-paris-4e.html,1,A demander,,
https://dsdepannage.fr/paris/serrurier-paris-5e.html,1,A demander,,
https://dsdepannage.fr/paris/serrurier-paris-6e.html,1,A demander,,
https://dsdepannage.fr/paris/serrurier-paris-7e.html,1,A demander,,
https://dsdepannage.fr/paris/serrurier-paris-8e.html,1,A demander,,
https://dsdepannage.fr/paris/serrurier-paris-9e.html,1,A demander,,
https://dsdepannage.fr/paris/serrurier-paris-10e.html,1,A demander,,
https://dsdepannage.fr/paris/serrurier-paris-11e.html,1,A demander,,
https://dsdepannage.fr/paris/serrurier-paris-12e.html,1,A demander,,
https://dsdepannage.fr/paris/serrurier-paris-13e.html,1,A demander,,
https://dsdepannage.fr/paris/serrurier-paris-14e.html,1,A demander,,
https://dsdepannage.fr/paris/serrurier-paris-15e.html,1,A demander,,
https://dsdepannage.fr/paris/serrurier-paris-16e.html,1,A demander,,
https://dsdepannage.fr/paris/serrurier-paris-17e.html,1,A demander,,
https://dsdepannage.fr/paris/serrurier-paris-18e.html,1,A demander,,
https://dsdepannage.fr/paris/serrurier-paris-19e.html,1,A demander,,
https://dsdepannage.fr/paris/serrurier-paris-20e.html,1,A demander,,
https://dsdepannage.fr/paris/ouverture-porte-claquee-paris-1er.html,2,A demander,,
https://dsdepannage.fr/paris/ouverture-porte-claquee-paris-2e.html,2,A demander,,
https://dsdepannage.fr/paris/ouverture-porte-claquee-paris-3e.html,2,A demander,,
https://dsdepannage.fr/paris/ouverture-porte-claquee-paris-4e.html,2,A demander,,
https://dsdepannage.fr/paris/ouverture-porte-claquee-paris-5e.html,2,A demander,,
https://dsdepannage.fr/paris/ouverture-porte-claquee-paris-6e.html,2,A demander,,
https://dsdepannage.fr/paris/ouverture-porte-claquee-paris-7e.html,2,A demander,,
https://dsdepannage.fr/paris/ouverture-porte-claquee-paris-8e.html,2,A demander,,
https://dsdepannage.fr/paris/ouverture-porte-claquee-paris-9e.html,2,A demander,,
https://dsdepannage.fr/paris/ouverture-porte-claquee-paris-10e.html,2,A demander,,
https://dsdepannage.fr/paris/ouverture-porte-claquee-paris-11e.html,2,A demander,,
https://dsdepannage.fr/paris/ouverture-porte-claquee-paris-12e.html,2,A demander,,
https://dsdepannage.fr/paris/ouverture-porte-claquee-paris-13e.html,2,A demander,,
https://dsdepannage.fr/paris/ouverture-porte-claquee-paris-14e.html,2,A demander,,
https://dsdepannage.fr/paris/ouverture-porte-claquee-paris-15e.html,2,A demander,,
https://dsdepannage.fr/paris/ouverture-porte-claquee-paris-16e.html,2,A demander,,
https://dsdepannage.fr/paris/ouverture-porte-claquee-paris-17e.html,2,A demander,,
https://dsdepannage.fr/paris/ouverture-porte-claquee-paris-18e.html,2,A demander,,
https://dsdepannage.fr/paris/ouverture-porte-claquee-paris-19e.html,2,A demander,,
https://dsdepannage.fr/paris/ouverture-porte-claquee-paris-20e.html,2,A demander,,
